symbol,trade_num,entry_utc,exit_utc,entry_price,exit_price,size,pnl_usd,exit_module
BTC/USD,1,2025-08-07 22:00,2025-08-08 15:00,"117,431.11","115,851.36",0.0006387,-1.60,ATR
BTC/USD,2,2025-08-10 04:00,2025-08-11 11:00,"118,494.07","120,828.31",0.0006329,+0.87,ATR
BTC/USD,3,2025-08-11 14:00,2025-08-11 21:00,"120,269.07","118,342.37",0.0006236,-1.80,ATR
BTC/USD,4,2025-08-11 16:00,2025-08-11 20:00,"120,457.96","118,544.32",0.0006226,-1.79,ATR
BTC/USD,5,2025-08-13 21:00,2025-08-14 10:00,"122,961.45","121,034.81",0.00061,-1.77,ATR
BTC/USD,6,2025-08-14 02:00,2025-08-14 06:00,"123,493.84","121,519.56",0.0006073,-1.79,ATR
BTC/USD,7,2025-08-14 04:00,2025-08-14 06:00,"123,556.83","121,683.46",0.000607,-1.73,ATR
BTC/USD,8,2025-08-23 16:00,2025-08-24 19:00,"115,538.18","112,247.80",0.0006491,-2.73,ATR
BTC/USD,9,2025-08-23 18:00,2025-08-24 19:00,"115,270.65","112,118.02",0.0006506,-2.64,ATR
BTC/USD,10,2025-08-23 21:00,2025-08-24 19:00,"115,289.23","112,542.90",0.0006505,-2.38,ATR
BTC/USD,11,2025-08-23 23:00,2025-08-24 19:00,"115,539.32","113,027.16",0.0006491,-2.22,ATR
BTC/USD,12,2025-08-27 18:00,2025-08-29 07:00,"112,621.49","110,880.04",0.000666,-1.76,ATR
BTC/USD,13,2025-09-02 07:00,2025-09-02 12:00,"110,564.07","108,867.66",0.0006783,-1.75,ATR
BTC/USD,14,2025-09-05 12:00,2025-09-05 14:00,"112,571.65","110,859.31",0.0006662,-1.74,ATR
BTC/USD,15,2025-09-05 19:00,2025-09-11 02:00,"111,297.86","113,854.57",0.0006739,+1.12,ATR
BTC/USD,16,2025-09-05 21:00,2025-09-11 03:00,"111,661.21","113,955.91",0.0006717,+0.94,ATR
BTC/USD,17,2025-09-25 18:00,2025-09-29 13:00,"108,950.12","112,293.43",0.0006884,+1.69,ATR
BTC/USD,18,2025-09-28 18:00,2025-09-30 01:00,"110,255.89","114,287.38",0.0006802,+2.13,ATR
BTC/USD,19,2025-09-30 00:00,2025-09-30 09:00,"114,407.14","113,159.89",0.0006555,-1.41,ATR
BTC/USD,20,2025-09-30 11:00,2025-10-01 17:00,"113,155.93","116,610.43",0.0006628,+1.68,ATR
BTC/USD,21,2025-09-30 20:00,2025-10-01 17:00,"114,231.36","116,610.43",0.0006566,+0.96,ATR
BTC/USD,22,2025-10-01 13:00,2025-10-02 05:00,"116,332.93","118,381.83",0.0006447,+0.72,ATR
BTC/USD,23,2025-10-02 03:00,2025-10-03 16:00,"118,817.02","122,266.67",0.0006312,+1.57,ATR
BTC/USD,24,2025-10-02 06:00,2025-10-03 15:00,"118,377.62","120,762.91",0.0006336,+0.91,ATR
BTC/USD,25,2025-10-02 14:00,2025-10-03 16:00,"119,509.01","122,266.67",0.0006276,+1.12,ATR
BTC/USD,26,2025-10-02 16:00,2025-10-03 16:00,"119,829.10","122,266.67",0.0006259,+0.92,ATR
BTC/USD,27,2025-10-02 18:00,2025-10-03 16:00,"119,589.61","122,266.67",0.0006271,+1.07,ATR
BTC/USD,28,2025-10-02 22:00,2025-10-05 02:00,"120,280.71","123,096.16",0.0006235,+1.15,ATR
BTC/USD,29,2025-10-03 09:00,2025-10-03 16:00,"120,096.52","122,266.67",0.0006245,+0.75,ATR
BTC/USD,30,2025-10-04 03:00,2025-10-06 21:00,"121,999.58","124,666.28",0.0006148,+1.03,ATR
BTC/USD,31,2025-10-05 12:00,2025-10-07 15:00,"123,513.53","121,623.12",0.0006072,-1.74,ATR
BTC/USD,32,2025-10-05 14:00,2025-10-07 15:00,"123,437.38","121,614.95",0.0006076,-1.70,ATR
BTC/USD,33,2025-10-07 03:00,2025-10-07 14:00,"124,668.65","123,101.66",0.0006016,-1.54,ATR
BTC/USD,34,2025-10-07 05:00,2025-10-07 14:00,"124,669.12","123,127.48",0.0006016,-1.52,ATR
BTC/USD,35,2025-10-07 11:00,2025-10-07 14:00,"124,075.48","122,542.28",0.0006045,-1.52,ATR
BTC/USD,36,2025-10-10 22:00,2025-10-11 01:00,"114,451.42","110,875.91",0.0006553,-2.93,ATR
BTC/USD,37,2025-10-13 13:00,2025-10-14 05:00,"114,743.45","112,510.05",0.0006536,-2.05,ATR
BTC/USD,38,2025-10-20 02:00,2025-10-20 16:00,"108,294.52","110,297.40",0.0006926,+0.78,ATR
BTC/USD,39,2025-10-23 23:00,2025-10-26 22:00,"110,113.21","114,014.26",0.0006811,+2.05,ATR
BTC/USD,40,2025-10-24 18:00,2025-10-26 22:00,"110,214.16","114,014.26",0.0006805,+1.98,ATR
BTC/USD,41,2025-10-26 23:00,2025-10-28 20:00,"114,533.38","112,966.99",0.0006548,-1.62,ATR
BTC/USD,42,2025-10-27 03:00,2025-10-28 20:00,"114,886.67","113,401.16",0.0006528,-1.57,ATR
BTC/USD,43,2025-10-27 13:00,2025-10-28 05:00,"115,057.50","113,525.48",0.0006519,-1.59,ATR
BTC/USD,44,2025-10-27 15:00,2025-10-28 20:00,"114,716.02","113,183.53",0.0006538,-1.60,ATR
BTC/USD,45,2025-10-28 04:00,2025-10-28 20:00,"114,111.10","112,611.34",0.0006572,-1.58,ATR
BTC/USD,46,2025-10-28 07:00,2025-10-28 20:00,"114,230.84","112,753.87",0.0006566,-1.57,ATR
BTC/USD,47,2025-11-02 12:00,2025-11-02 16:00,"111,277.97","109,991.27",0.000674,-1.46,ATR
BTC/USD,48,2025-11-11 02:00,2025-11-11 12:00,"106,503.86","104,415.32",0.0007042,-2.06,ATR
BTC/USD,49,2025-11-11 10:00,2025-11-11 15:00,"105,300.90","103,406.20",0.0007122,-1.94,ATR
BTC/USD,50,2025-11-26 23:00,2025-12-01 00:00,"90,370.11","88,634.60",0.0008299,-2.03,ATR
BTC/USD,51,2025-11-27 10:00,2025-12-01 00:00,"91,573.77","90,044.88",0.000819,-1.85,ATR
BTC/USD,52,2025-11-27 14:00,2025-12-01 00:00,"90,884.55","89,402.80",0.0008252,-1.82,ATR
BTC/USD,53,2025-12-04 00:00,2025-12-04 19:00,"93,461.56","91,429.17",0.0008025,-2.22,ATR
BTC/USD,54,2025-12-04 07:00,2025-12-04 19:00,"93,332.75","91,429.91",0.0008036,-2.12,ATR
BTC/USD,55,2025-12-04 18:00,2025-12-05 13:00,"92,476.17","90,543.31",0.000811,-2.16,ATR
BTC/USD,56,2025-12-04 23:00,2025-12-05 13:00,"92,640.43","90,746.17",0.0008096,-2.13,ATR
BTC/USD,57,2025-12-05 01:00,2025-12-05 13:00,"92,507.48","90,718.99",0.0008107,-2.04,ATR
BTC/USD,58,2025-12-08 21:00,2025-12-09 16:00,"90,774.83","92,882.13",0.0008262,+1.13,ATR
BTC/USD,59,2025-12-10 02:00,2025-12-11 01:00,"92,415.42","90,574.27",0.0008115,-2.09,ATR
BTC/USD,60,2025-12-19 19:00,2025-12-22 14:00,"87,377.57","89,524.11",0.0008583,+1.24,ATR
BTC/USD,61,2025-12-22 13:00,2025-12-22 15:00,"90,431.76","89,194.23",0.0008293,-1.62,ATR
BTC/USD,62,2025-12-22 15:00,2025-12-22 19:00,"90,287.48","88,860.50",0.0008307,-1.78,ATR
BTC/USD,63,2025-12-22 23:00,2025-12-23 06:00,"88,865.74","87,348.91",0.000844,-1.88,ATR
BTC/USD,64,2025-12-23 01:00,2025-12-23 06:00,"88,918.33","87,439.66",0.0008435,-1.84,ATR
BTC/USD,65,2025-12-29 05:00,2025-12-29 09:00,"90,133.63","89,032.13",0.0008321,-1.51,ATR
BTC/USD,66,2025-12-30 22:00,2026-01-04 00:00,"88,416.53","90,505.31",0.0008483,+1.16,ATR
BTC/USD,67,2025-12-31 00:00,2025-12-31 20:00,"88,588.70","87,360.47",0.0008466,-1.64,ATR
BTC/USD,68,2026-01-01 23:00,2026-01-04 00:00,"88,728.32","90,505.31",0.0008453,+0.90,ATR
BTC/USD,69,2026-01-02 06:00,2026-01-04 00:00,"88,810.78","90,505.31",0.0008445,+0.83,ATR
BTC/USD,70,2026-01-02 11:00,2026-01-05 01:00,"90,005.81","92,401.49",0.0008333,+1.39,ATR
BTC/USD,71,2026-01-02 13:00,2026-01-05 00:00,"89,619.39","91,529.69",0.0008369,+0.99,ATR
BTC/USD,72,2026-01-02 20:00,2026-01-05 01:00,"90,251.85","92,401.49",0.000831,+1.18,ATR
BTC/USD,73,2026-01-03 00:00,2026-01-05 01:00,"90,199.32","92,401.49",0.0008315,+1.22,ATR
BTC/USD,74,2026-01-03 06:00,2026-01-05 01:00,"89,718.88","92,401.49",0.0008359,+1.63,ATR
BTC/USD,75,2026-01-03 10:00,2026-01-05 01:00,"90,015.58","92,401.49",0.0008332,+1.38,ATR
BTC/USD,76,2026-01-04 14:00,2026-01-05 04:00,"91,477.53","93,135.58",0.0008199,+0.75,ATR
BTC/USD,77,2026-01-05 02:00,2026-01-06 17:00,"93,250.61","91,944.49",0.0008043,-1.65,ATR
BTC/USD,78,2026-01-05 08:00,2026-01-07 18:00,"92,897.35","90,824.42",0.0008073,-2.27,ATR
BTC/USD,79,2026-01-05 17:00,2026-01-07 15:00,"93,958.09","91,222.64",0.0007982,-2.77,ATR
BTC/USD,80,2026-01-06 00:00,2026-01-06 17:00,"94,161.47","91,879.63",0.0007965,-2.41,ATR
BTC/USD,81,2026-01-06 04:00,2026-01-06 17:00,"93,989.43","92,034.51",0.000798,-2.15,ATR
BTC/USD,82,2026-01-13 20:00,2026-01-14 18:00,"94,189.60","96,362.57",0.0007963,+1.12,ATR
BTC/USD,83,2026-01-14 01:00,2026-01-18 23:00,"95,290.50","93,637.61",0.0007871,-1.90,ATR
BTC/USD,84,2026-01-14 05:00,2026-01-18 23:00,"95,255.78","93,724.97",0.0007874,-1.80,ATR
BTC/USD,85,2026-01-15 08:00,2026-01-16 15:00,"96,649.27","95,042.47",0.000776,-1.84,ATR
BTC/USD,86,2026-01-16 02:00,2026-01-16 15:00,"95,711.90","94,299.23",0.0007836,-1.70,ATR
BTC/USD,87,2026-01-18 23:00,2026-01-18 23:00,"95,554.21","94,715.09",0.0007849,-1.26,ATR
BTC/USD,88,2026-01-21 00:00,2026-01-23 17:00,"88,475.52","90,026.44",0.0008477,+0.71,ATR
BTC/USD,89,2026-01-28 22:00,2026-01-29 02:00,"89,475.34","87,986.62",0.0008382,-1.84,ATR
BTC/USD,90,2026-01-29 18:00,2026-01-30 01:00,"84,349.17","82,298.16",0.0008892,-2.42,ATR
BTC/USD,91,2026-01-31 17:00,2026-01-31 17:00,"80,462.06","78,281.37",0.0009321,-2.62,ATR
BTC/USD,92,2026-02-09 03:00,2026-02-09 10:00,"70,700.58","68,851.94",0.001061,-2.55,ATR
BTC/USD,93,2026-02-09 06:00,2026-02-09 10:00,"70,975.47","69,263.86",0.001057,-2.40,ATR
BTC/USD,94,2026-02-21 19:00,2026-02-22 00:00,"68,602.00","67,824.13",0.001093,-1.45,ATR
BTC/USD,95,2026-02-26 09:00,2026-02-27 11:00,"68,022.81","66,415.71",0.001103,-2.36,ATR
BTC/USD,96,2026-02-26 23:00,2026-02-27 12:00,"67,575.91","65,911.97",0.00111,-2.44,ATR
BTC/USD,97,2026-03-01 11:00,2026-03-02 15:00,"66,514.51","67,877.73",0.001128,+0.93,ATR
BTC/USD,98,2026-03-03 00:00,2026-03-03 08:00,"68,915.57","67,043.19",0.001088,-2.63,ATR
BTC/USD,99,2026-03-03 02:00,2026-03-03 08:00,"68,737.98","66,948.84",0.001091,-2.54,ATR
BTC/USD,100,2026-03-04 13:00,2026-03-04 23:00,"71,343.27","72,414.91",0.001051,+0.52,ATR
BTC/USD,101,2026-03-04 19:00,2026-03-05 15:00,"73,721.22","71,571.87",0.001017,-2.78,ATR
BTC/USD,102,2026-03-05 02:00,2026-03-05 17:00,"72,627.73","70,698.52",0.001033,-2.58,ATR
BTC/USD,103,2026-03-05 06:00,2026-03-05 17:00,"72,403.28","70,610.12",0.001036,-2.45,ATR
BTC/USD,104,2026-03-05 09:00,2026-03-05 17:00,"72,424.29","70,662.61",0.001036,-2.42,ATR
BTC/USD,105,2026-03-05 14:00,2026-03-05 17:00,"72,526.71","70,754.46",0.001034,-2.43,ATR
BTC/USD,106,2026-03-05 21:00,2026-03-06 13:00,"71,307.89","69,519.37",0.001052,-2.47,ATR
BTC/USD,107,2026-03-05 23:00,2026-03-06 13:00,"71,251.99","69,566.50",0.001053,-2.37,ATR
BTC/USD,108,2026-03-10 08:00,2026-03-13 14:00,"70,530.25","72,629.59",0.001063,+1.62,ATR
BTC/USD,109,2026-03-10 13:00,2026-03-13 14:00,"70,560.86","72,629.59",0.001063,+1.59,ATR
BTC/USD,110,2026-03-10 16:00,2026-03-10 22:00,"71,368.97","69,457.37",0.001051,-2.60,ATR
BTC/USD,111,2026-03-10 20:00,2026-03-13 14:00,"70,059.37","72,629.59",0.001071,+2.14,ATR
BTC/USD,112,2026-03-11 00:00,2026-03-13 14:00,"69,935.65","72,629.59",0.001072,+2.28,ATR
BTC/USD,113,2026-03-11 05:00,2026-03-13 14:00,"70,199.48","72,629.59",0.001068,+1.99,ATR
BTC/USD,114,2026-03-13 09:00,2026-03-13 22:00,"71,897.72","70,560.32",0.001043,-1.99,ATR
BTC/USD,115,2026-03-13 16:00,2026-03-16 03:00,"71,947.06","73,175.52",0.001042,+0.68,ATR
BTC/USD,116,2026-03-13 19:00,2026-03-16 03:00,"71,099.03","73,175.52",0.001055,+1.58,ATR
BTC/USD,117,2026-03-15 05:00,2026-03-16 03:00,"71,577.53","73,175.52",0.001048,+1.07,ATR
BTC/USD,118,2026-03-16 05:00,2026-03-17 03:00,"73,836.91","74,852.71",0.001016,+0.43,ATR
BTC/USD,119,2026-03-16 11:00,2026-03-17 03:00,"73,836.73","74,852.71",0.001016,+0.43,ATR
BTC/USD,120,2026-03-16 17:00,2026-03-17 03:00,"73,823.17","74,852.71",0.001016,+0.44,ATR
BTC/USD,121,2026-03-17 04:00,2026-03-18 11:00,"74,551.78","72,893.73",0.001006,-2.26,ATR
BTC/USD,122,2026-03-17 08:00,2026-03-18 11:00,"74,369.12","72,750.52",0.001008,-2.23,ATR
BTC/USD,123,2026-03-17 12:00,2026-03-18 12:00,"74,055.16","72,519.55",0.001013,-2.15,ATR
BTC/USD,124,2026-03-17 15:00,2026-03-18 11:00,"74,453.55","72,784.35",0.001007,-2.27,ATR
BTC/USD,125,2026-03-17 17:00,2026-03-18 11:00,"74,303.23","72,693.39",0.001009,-2.22,ATR
BTC/USD,126,2026-03-25 15:00,2026-03-26 05:00,"71,286.66","70,037.67",0.001052,-1.91,ATR
BTC/USD,127,2026-04-01 20:00,2026-04-02 02:00,"68,199.20","67,007.77",0.0011,-1.91,ATR
BTC/USD,128,2026-04-06 07:00,2026-04-07 14:00,"69,048.31","68,026.15",0.001086,-1.71,ATR
BTC/USD,129,2026-04-06 10:00,2026-04-06 23:00,"69,840.00","68,703.17",0.001074,-1.82,ATR
BTC/USD,130,2026-04-06 16:00,2026-04-06 22:00,"70,030.82","68,817.03",0.001071,-1.89,ATR
BTC/USD,131,2026-04-06 19:00,2026-04-06 23:00,"69,944.84","68,694.42",0.001072,-1.94,ATR
BTC/USD,132,2026-04-07 00:00,2026-04-07 22:00,"68,862.96","70,293.67",0.001089,+0.95,ATR
BTC/USD,133,2026-04-07 03:00,2026-04-07 22:00,"68,732.55","70,293.67",0.001091,+1.10,ATR
BTC/USD,134,2026-04-07 08:00,2026-04-07 22:00,"68,679.22","70,293.67",0.001092,+1.16,ATR
BTC/USD,135,2026-04-08 20:00,2026-04-11 18:00,"71,388.77","73,086.36",0.001051,+1.18,ATR
BTC/USD,136,2026-04-09 02:00,2026-04-11 04:00,"71,008.36","72,673.53",0.001056,+1.15,ATR
BTC/USD,137,2026-04-09 06:00,2026-04-11 04:00,"71,053.23","72,673.53",0.001056,+1.10,ATR
BTC/USD,138,2026-04-09 21:00,2026-04-12 12:00,"72,420.44","71,151.38",0.001036,-1.91,ATR
BTC/USD,139,2026-04-10 01:00,2026-04-12 15:00,"71,989.83","70,620.65",0.001042,-2.02,ATR
BTC/USD,140,2026-04-10 05:00,2026-04-12 13:00,"72,168.97","70,973.52",0.001039,-1.84,ATR
BTC/USD,141,2026-04-10 09:00,2026-04-12 15:00,"71,700.48","70,589.59",0.001046,-1.76,ATR
BTC/USD,142,2026-04-13 19:00,2026-04-13 22:00,"72,425.64","73,600.54",0.001036,+0.61,ATR
BTC/USD,143,2026-04-14 22:00,2026-04-17 13:00,"74,269.61","76,271.60",0.00101,+1.41,ATR
BTC/USD,144,2026-04-15 00:00,2026-04-17 13:00,"74,188.83","76,271.60",0.001011,+1.50,ATR
BTC/USD,145,2026-04-15 23:00,2026-04-16 13:00,"74,931.98","73,749.00",0.001001,-1.78,ATR
BTC/USD,146,2026-04-18 15:00,2026-04-19 03:00,"76,267.95","75,339.00",0.0009834,-1.51,ATR
BTC/USD,147,2026-04-21 04:00,2026-04-22 20:00,"75,749.79","78,495.43",0.0009901,+2.11,ATR
BTC/USD,148,2026-04-21 10:00,2026-04-21 17:00,"76,441.49","75,334.25",0.0009811,-1.68,ATR
BTC/USD,149,2026-04-21 17:00,2026-04-22 20:00,"75,816.31","78,495.43",0.0009892,+2.04,ATR
BTC/USD,150,2026-04-21 21:00,2026-04-22 20:00,"75,772.10","78,495.43",0.0009898,+2.08,ATR
BTC/USD,151,2026-04-22 21:00,2026-04-23 10:00,"78,517.28","77,338.90",0.0009552,-1.72,ATR
BTC/USD,152,2026-04-23 01:00,2026-04-23 10:00,"78,449.38","77,217.97",0.000956,-1.77,ATR
BTC/USD,153,2026-04-23 06:00,2026-04-23 17:00,"78,136.81","76,967.57",0.0009599,-1.72,ATR
BTC/USD,154,2026-04-23 20:00,2026-04-27 19:00,"77,744.78","76,512.59",0.0009647,-1.78,ATR
BTC/USD,155,2026-05-01 09:00,2026-05-04 01:00,"77,401.33","79,054.41",0.000969,+1.00,ATR
BTC/USD,156,2026-05-01 21:00,2026-05-04 02:00,"77,929.25","79,553.48",0.0009624,+0.96,ATR
BTC/USD,157,2026-05-05 07:00,2026-05-07 15:00,"81,006.39","79,844.54",0.0009258,-1.67,ATR
BTC/USD,158,2026-05-05 11:00,2026-05-07 15:00,"80,846.10","79,814.99",0.0009277,-1.55,ATR
BTC/USD,159,2026-05-05 17:00,2026-05-07 13:00,"81,308.96","80,269.79",0.0009224,-1.55,ATR
BTC/USD,160,2026-05-05 23:00,2026-05-07 14:00,"81,136.08","80,071.92",0.0009244,-1.58,ATR
BTC/USD,161,2026-05-06 05:00,2026-05-07 13:00,"81,364.19","80,325.60",0.0009218,-1.55,ATR
BTC/USD,162,2026-05-06 16:00,2026-05-07 13:00,"81,772.33","80,547.93",0.0009172,-1.72,ATR
BTC/USD,163,2026-05-14 21:00,2026-05-15 05:00,"81,453.49","80,303.67",0.0009208,-1.65,ATR
BTC/USD,164,2026-05-15 00:00,2026-05-15 13:00,"81,146.95","80,020.67",0.0009243,-1.64,ATR
BTC/USD,165,2026-05-15 02:00,2026-05-15 13:00,"81,154.75","79,977.15",0.0009242,-1.68,ATR
BTC/USD,166,2026-05-15 08:00,2026-05-15 13:00,"80,847.72","79,721.56",0.0009277,-1.64,ATR
BTC/USD,167,2026-05-28 06:00,2026-06-01 12:00,"73,011.52","71,889.73",0.001027,-1.75,ATR
BTC/USD,168,2026-05-30 18:00,2026-05-31 16:00,"74,067.18","73,440.20",0.001013,-1.23,ATR
BTC/USD,169,2026-06-04 02:00,2026-06-04 09:00,"62,249.74","63,114.34",0.001205,+0.44,ATR
BTC/USD,170,2026-06-07 18:00,2026-06-07 22:00,"62,166.97","63,221.77",0.001206,+0.67,ATR
BTC/USD,171,2026-06-08 06:00,2026-06-09 14:00,"62,746.66","61,191.48",0.001195,-2.45,ATR
BTC/USD,172,2026-06-08 21:00,2026-06-09 13:00,"63,501.43","62,185.87",0.001181,-2.15,ATR
BTC/USD,173,2026-06-12 08:00,2026-06-14 21:00,"63,044.81","64,958.57",0.00119,+1.67,ATR
BTC/USD,174,2026-06-12 22:00,2026-06-14 21:00,"63,469.92","64,958.57",0.001182,+1.15,ATR
BTC/USD,175,2026-06-13 19:00,2026-06-15 19:00,"64,161.66","66,489.73",0.001169,+2.11,ATR
BTC/USD,176,2026-06-15 18:00,2026-06-16 02:00,"66,855.11","65,896.51",0.001122,-1.67,ATR
BTC/USD,177,2026-06-16 00:00,2026-06-16 14:00,"66,317.44","65,435.49",0.001131,-1.59,ATR
BTC/USD,178,2026-06-16 02:00,2026-06-16 14:00,"66,338.55","65,422.20",0.001131,-1.63,ATR
BTC/USD,179,2026-06-16 04:00,2026-06-17 07:00,"66,143.05","65,186.36",0.001134,-1.68,ATR
BTC/USD,180,2026-06-16 06:00,2026-06-17 08:00,"66,067.12","65,106.95",0.001135,-1.69,ATR
BTC/USD,181,2026-06-16 18:00,2026-06-17 08:00,"65,953.46","64,820.60",0.001137,-1.88,ATR
BTC/USD,182,2026-06-20 20:00,2026-06-23 06:00,"63,899.33","63,143.35",0.001174,-1.48,ATR
BTC/USD,183,2026-06-24 17:00,2026-06-25 11:00,"59,804.09","60,979.00",0.001254,+0.87,ATR
BTC/USD,184,2026-07-03 00:00,2026-07-04 17:00,"61,515.24","62,884.18",0.001219,+1.06,ATR
BTC/USD,185,2026-07-03 18:00,2026-07-06 13:00,"62,160.56","61,322.00",0.001207,-1.61,ATR
BTC/USD,186,2026-07-03 23:00,2026-07-06 12:00,"62,547.36","61,709.72",0.001199,-1.60,ATR
BTC/USD,187,2026-07-04 02:00,2026-07-06 12:00,"62,459.41","61,645.07",0.001201,-1.57,ATR
BTC/USD,188,2026-07-04 06:00,2026-07-06 12:00,"62,423.50","61,667.88",0.001201,-1.50,ATR
BTC/USD,189,2026-07-06 00:00,2026-07-06 07:00,"63,624.80","62,840.72",0.001179,-1.52,ATR
BTC/USD,190,2026-07-06 08:00,2026-07-06 12:00,"63,054.71","62,293.43",0.001189,-1.50,ATR
BTC/USD,191,2026-07-09 18:00,2026-07-13 13:00,"63,096.53","62,146.74",0.001189,-1.72,ATR
BTC/USD,192,2026-07-10 02:00,2026-07-13 03:00,"63,715.34","62,830.78",0.001177,-1.64,ATR
BTC/USD,193,2026-07-10 07:00,2026-07-13 03:00,"63,832.10","63,012.14",0.001175,-1.56,ATR
BTC/USD,194,2026-07-10 15:00,2026-07-13 03:00,"63,891.93","63,001.88",0.001174,-1.64,ATR
BTC/USD,195,2026-07-10 19:00,2026-07-13 03:00,"63,790.18","62,964.52",0.001176,-1.57,ATR
BTC/USD,196,2026-07-14 20:00,2026-07-15 17:00,"64,547.96","65,009.18",0.001162,-0.07,EOD
BTC/USD,197,2026-07-15 01:00,2026-07-15 17:00,"64,822.50","65,009.18",0.001157,-0.38,EOD
SOL/USD,1,2025-07-20 18:00,2025-07-21 16:00,180.7903,194.6043,0.4148,+5.11,ATR
SOL/USD,2,2025-07-20 23:00,2025-07-21 16:00,180.3001,194.6043,0.416,+5.33,ATR
SOL/USD,3,2025-07-21 02:00,2025-07-21 16:00,180.2401,194.6043,0.4161,+5.35,ATR
SOL/USD,4,2025-07-21 06:00,2025-07-21 16:00,188.6043,194.6043,0.3977,+1.78,ATR
SOL/USD,5,2025-07-22 03:00,2025-07-22 04:00,202.1210,194.4135,0.3711,-3.45,ATR
SOL/USD,6,2025-07-22 10:00,2025-07-23 05:00,197.6988,200.9016,0.3794,+0.61,ATR
SOL/USD,7,2025-07-22 16:00,2025-07-23 13:00,201.5707,192.6214,0.3721,-3.92,ATR
SOL/USD,8,2025-07-22 21:00,2025-07-23 13:00,201.1205,192.8276,0.3729,-3.68,ATR
SOL/USD,9,2025-07-23 02:00,2025-07-23 12:00,202.8414,195.3409,0.3697,-3.36,ATR
SOL/USD,10,2025-07-23 05:00,2025-07-23 12:00,201.2506,194.6309,0.3727,-3.06,ATR
SOL/USD,11,2025-07-26 13:00,2025-07-28 08:00,187.8339,191.5572,0.3993,+0.88,ATR
SOL/USD,12,2025-07-28 06:00,2025-07-28 13:00,194.2971,189.9683,0.386,-2.26,ATR
SOL/USD,13,2025-08-04 17:00,2025-08-05 14:00,167.9039,164.3120,0.4467,-2.20,ATR
SOL/USD,14,2025-08-05 09:00,2025-08-05 15:00,167.1035,163.2305,0.4488,-2.33,ATR
SOL/USD,15,2025-08-07 19:00,2025-08-08 07:00,169.9649,174.7405,0.4413,+1.50,ATR
SOL/USD,16,2025-08-08 03:00,2025-08-09 05:00,175.1375,178.7390,0.4282,+0.94,ATR
SOL/USD,17,2025-08-08 12:00,2025-08-09 13:00,177.6088,180.0201,0.4223,+0.41,ATR
SOL/USD,18,2025-08-08 14:00,2025-08-10 05:00,178.5092,182.3501,0.4201,+1.01,ATR
SOL/USD,19,2025-08-08 17:00,2025-08-09 05:00,176.1280,178.7390,0.4258,+0.51,ATR
SOL/USD,20,2025-08-08 19:00,2025-08-09 13:00,177.5888,180.0201,0.4223,+0.42,ATR
SOL/USD,21,2025-08-09 06:00,2025-08-11 07:00,180.8604,183.1696,0.4147,+0.35,ATR
SOL/USD,22,2025-08-09 12:00,2025-08-11 07:00,180.7303,183.1696,0.415,+0.41,ATR
SOL/USD,23,2025-08-09 14:00,2025-08-10 05:00,180.0200,182.3501,0.4166,+0.37,ATR
SOL/USD,24,2025-08-09 18:00,2025-08-10 08:00,181.8609,177.8734,0.4124,-2.24,ATR
SOL/USD,25,2025-08-09 22:00,2025-08-11 18:00,181.4507,177.2971,0.4133,-2.31,ATR
SOL/USD,26,2025-08-10 01:00,2025-08-10 07:00,182.5812,178.2183,0.4108,-2.39,ATR
SOL/USD,27,2025-08-10 06:00,2025-08-11 13:00,182.3011,177.4123,0.4114,-2.60,ATR
SOL/USD,28,2025-08-10 09:00,2025-08-11 07:00,180.7703,183.1696,0.4149,+0.39,ATR
SOL/USD,29,2025-08-10 12:00,2025-08-11 07:00,180.4002,183.1696,0.4157,+0.55,ATR
SOL/USD,30,2025-08-10 15:00,2025-08-11 18:00,181.8209,176.9774,0.4125,-2.59,ATR
SOL/USD,31,2025-08-12 19:00,2025-08-13 02:00,188.6743,193.5410,0.3975,+1.33,ATR
SOL/USD,32,2025-08-12 21:00,2025-08-13 02:00,191.6258,193.5410,0.3914,+0.15,ATR
SOL/USD,33,2025-08-13 05:00,2025-08-13 14:00,198.7793,199.9805,0.3773,-0.15,ATR
SOL/USD,34,2025-08-13 08:00,2025-08-13 14:00,198.8394,199.9805,0.3772,-0.17,ATR
SOL/USD,35,2025-08-13 11:00,2025-08-13 15:00,201.4907,195.5936,0.3722,-2.79,ATR
SOL/USD,36,2025-08-13 20:00,2025-08-14 08:00,202.1810,203.7378,0.371,-0.02,ATR
SOL/USD,37,2025-08-13 22:00,2025-08-14 02:00,201.3206,201.9786,0.3725,-0.36,ATR
SOL/USD,38,2025-08-14 06:00,2025-08-14 12:00,206.5832,199.0645,0.363,-3.32,ATR
SOL/USD,39,2025-08-14 09:00,2025-08-14 12:00,203.2416,195.7869,0.369,-3.34,ATR
SOL/USD,40,2025-08-14 12:00,2025-08-14 12:00,203.9519,194.4679,0.3677,-4.07,ATR
SOL/USD,41,2025-08-17 08:00,2025-08-18 01:00,191.9659,188.1465,0.3907,-2.09,ATR
SOL/USD,42,2025-08-17 17:00,2025-08-18 00:00,193.9169,190.0703,0.3868,-2.08,ATR
SOL/USD,43,2025-08-23 09:00,2025-08-24 03:00,203.8719,207.2044,0.3679,+0.62,ATR
SOL/USD,44,2025-08-23 11:00,2025-08-24 03:00,202.0910,207.2044,0.3711,+1.29,ATR
SOL/USD,45,2025-08-24 06:00,2025-08-24 11:00,209.1045,203.6287,0.3587,-2.56,ATR
SOL/USD,46,2025-08-27 06:00,2025-08-27 19:00,203.8319,206.9061,0.368,+0.53,ATR
SOL/USD,47,2025-08-27 16:00,2025-08-28 15:00,208.9944,210.9488,0.3589,+0.10,ATR
SOL/USD,48,2025-08-27 21:00,2025-08-28 15:00,208.6043,210.9488,0.3595,+0.24,ATR
SOL/USD,49,2025-08-28 01:00,2025-08-28 15:00,204.1620,210.9488,0.3674,+1.88,ATR
SOL/USD,50,2025-08-28 08:00,2025-08-29 09:00,213.2866,205.6828,0.3516,-3.26,ATR
SOL/USD,51,2025-08-28 11:00,2025-08-29 08:00,213.6668,206.6279,0.351,-3.06,ATR
SOL/USD,52,2025-08-28 16:00,2025-08-29 07:00,211.3756,211.8874,0.3548,-0.42,ATR
SOL/USD,53,2025-08-28 18:00,2025-08-29 07:00,210.7853,211.8874,0.3558,-0.21,ATR
SOL/USD,54,2025-08-28 22:00,2025-08-29 09:00,213.8068,205.9864,0.3508,-3.33,ATR
SOL/USD,55,2025-08-29 02:00,2025-08-29 09:00,213.5867,205.7052,0.3511,-3.36,ATR
SOL/USD,56,2025-08-29 04:00,2025-08-29 07:00,217.1585,209.5179,0.3454,-3.23,ATR
SOL/USD,57,2025-09-08 03:00,2025-09-08 10:00,207.7238,212.2940,0.3611,+1.04,ATR
SOL/USD,58,2025-09-08 14:00,2025-09-10 07:00,213.4667,218.0135,0.3513,+0.99,ATR
SOL/USD,59,2025-09-08 19:00,2025-09-09 01:00,216.9284,212.2366,0.3457,-2.22,ATR
SOL/USD,60,2025-09-09 01:00,2025-09-10 07:00,213.4567,218.0135,0.3514,+0.99,ATR
SOL/USD,61,2025-09-09 13:00,2025-09-09 14:00,217.9389,213.5133,0.3441,-2.12,ATR
SOL/USD,62,2025-09-09 19:00,2025-09-10 12:00,216.3481,219.9910,0.3467,+0.66,ATR
SOL/USD,63,2025-09-09 23:00,2025-09-10 12:00,217.2286,219.9910,0.3453,+0.35,ATR
SOL/USD,64,2025-09-12 00:00,2025-09-13 13:00,228.7843,240.5136,0.3278,+3.23,ATR
SOL/USD,65,2025-09-13 07:00,2025-09-13 17:00,242.0209,237.1207,0.3099,-2.11,ATR
SOL/USD,66,2025-09-14 13:00,2025-09-14 21:00,245.1225,240.3799,0.306,-2.05,ATR
SOL/USD,67,2025-09-14 22:00,2025-09-15 07:00,244.2821,237.4781,0.307,-2.68,ATR
SOL/USD,68,2025-09-18 02:00,2025-09-19 15:00,246.0230,239.2049,0.3048,-2.67,ATR
SOL/USD,69,2025-09-18 09:00,2025-09-19 11:00,246.8734,241.0169,0.3038,-2.37,ATR
SOL/USD,70,2025-09-18 13:00,2025-09-19 11:00,246.1230,240.6621,0.3047,-2.26,ATR
SOL/USD,71,2025-09-18 15:00,2025-09-19 10:00,247.8839,242.5333,0.3026,-2.21,ATR
SOL/USD,72,2025-09-18 19:00,2025-09-19 04:00,250.5252,244.7178,0.2994,-2.33,ATR
SOL/USD,73,2025-09-19 08:00,2025-09-19 14:00,244.6022,239.9452,0.3066,-2.02,ATR
SOL/USD,74,2025-09-22 08:00,2025-09-23 02:00,222.0710,215.5182,0.3377,-2.80,ATR
SOL/USD,75,2025-09-22 12:00,2025-09-23 02:00,221.9909,215.9543,0.3379,-2.63,ATR
SOL/USD,76,2025-09-29 12:00,2025-09-30 01:00,207.1335,211.0224,0.3621,+0.80,ATR
SOL/USD,77,2025-10-01 17:00,2025-10-02 15:00,219.4697,222.9150,0.3417,+0.57,ATR
SOL/USD,78,2025-10-01 19:00,2025-10-02 15:00,219.2796,222.9150,0.342,+0.64,ATR
SOL/USD,79,2025-10-02 08:00,2025-10-03 05:00,223.0415,230.3870,0.3363,+1.86,ATR
SOL/USD,80,2025-10-02 17:00,2025-10-03 17:00,228.0840,231.8545,0.3288,+0.63,ATR
SOL/USD,81,2025-10-02 19:00,2025-10-04 15:00,232.0059,226.1684,0.3233,-2.48,ATR
SOL/USD,82,2025-10-03 01:00,2025-10-04 15:00,232.0860,226.4774,0.3232,-2.41,ATR
SOL/USD,83,2025-10-03 03:00,2025-10-03 14:00,233.1765,227.4534,0.3216,-2.43,ATR
SOL/USD,84,2025-10-03 08:00,2025-10-03 17:00,229.1445,231.8545,0.3273,+0.28,ATR
SOL/USD,85,2025-10-03 12:00,2025-10-04 15:00,230.2351,225.2502,0.3258,-2.22,ATR
SOL/USD,86,2025-10-05 12:00,2025-10-05 20:00,231.6658,226.7404,0.3237,-2.19,ATR
SOL/USD,87,2025-10-05 14:00,2025-10-05 19:00,231.9159,226.8634,0.3234,-2.23,ATR
SOL/USD,88,2025-10-06 02:00,2025-10-07 13:00,231.6658,226.5180,0.3237,-2.26,ATR
SOL/USD,89,2025-10-10 22:00,2025-10-10 22:00,200.8304,190.1398,0.3734,-4.58,ATR
SOL/USD,90,2025-10-23 22:00,2025-10-24 12:00,189.3746,192.4854,0.396,+0.63,ATR
SOL/USD,91,2025-10-27 02:00,2025-10-27 08:00,204.4522,200.5934,0.3668,-2.01,ATR
SOL/USD,92,2025-10-27 04:00,2025-10-27 08:00,204.0920,200.3327,0.3675,-1.98,ATR
SOL/USD,93,2025-10-27 06:00,2025-10-27 08:00,203.7818,200.0553,0.368,-1.97,ATR
SOL/USD,94,2025-11-08 07:00,2025-11-08 16:00,161.1906,155.9908,0.4653,-3.01,ATR
SOL/USD,95,2025-11-10 23:00,2025-11-11 10:00,167.8539,162.9498,0.4468,-2.78,ATR
SOL/USD,96,2025-11-24 01:00,2025-11-25 07:00,130.9454,137.0376,0.5728,+2.88,ATR
SOL/USD,97,2025-11-25 10:00,2025-11-26 08:00,136.3081,137.9563,0.5502,+0.30,ATR
SOL/USD,98,2025-11-26 23:00,2025-11-28 01:00,143.3416,139.4744,0.5232,-2.62,ATR
SOL/USD,99,2025-11-27 01:00,2025-11-28 01:00,143.5017,139.7341,0.5226,-2.56,ATR
SOL/USD,100,2025-12-03 11:00,2025-12-03 21:00,141.4507,142.6227,0.5302,+0.02,ATR
SOL/USD,101,2025-12-04 02:00,2025-12-04 19:00,144.0220,139.5978,0.5208,-2.89,ATR
SOL/USD,102,2025-12-04 05:00,2025-12-04 19:00,144.1921,140.0359,0.5201,-2.75,ATR
SOL/USD,103,2025-12-04 10:00,2025-12-04 18:00,144.0720,140.4070,0.5206,-2.50,ATR
SOL/USD,104,2025-12-10 02:00,2025-12-10 20:00,137.5687,138.9903,0.5452,+0.17,ATR
SOL/USD,105,2025-12-28 00:00,2025-12-28 18:00,124.7223,123.1375,0.6013,-1.55,ATR
SOL/USD,106,2025-12-31 04:00,2026-01-03 07:00,126.2631,130.6751,0.594,+2.01,ATR
SOL/USD,107,2025-12-31 15:00,2026-01-02 14:00,125.9029,127.0398,0.5957,+0.07,ATR
SOL/USD,108,2026-01-01 03:00,2026-01-02 14:00,126.0230,127.0398,0.5951,+0.00,ATR
SOL/USD,109,2026-01-01 10:00,2026-01-02 14:00,125.1325,127.0398,0.5994,+0.54,ATR
SOL/USD,110,2026-01-01 12:00,2026-01-02 14:00,126.1630,127.0398,0.5945,-0.08,ATR
SOL/USD,111,2026-01-01 15:00,2026-01-02 14:00,125.5627,127.0398,0.5973,+0.28,ATR
SOL/USD,112,2026-01-01 18:00,2026-01-02 14:00,126.1230,127.0398,0.5947,-0.06,ATR
SOL/USD,113,2026-01-02 09:00,2026-01-03 07:00,128.4842,130.6751,0.5837,+0.67,ATR
SOL/USD,114,2026-01-02 18:00,2026-01-04 18:00,131.3256,133.9370,0.5711,+0.89,ATR
SOL/USD,115,2026-01-02 20:00,2026-01-05 01:00,131.6258,135.6642,0.5698,+1.69,ATR
SOL/USD,116,2026-01-03 10:00,2026-01-04 18:00,131.0855,133.9370,0.5721,+1.02,ATR
SOL/USD,117,2026-01-03 13:00,2026-01-04 08:00,130.8254,133.2537,0.5733,+0.79,ATR
SOL/USD,118,2026-01-04 00:00,2026-01-05 01:00,133.5267,135.6642,0.5617,+0.60,ATR
SOL/USD,119,2026-01-04 02:00,2026-01-06 00:00,134.1570,137.2279,0.559,+1.11,ATR
SOL/USD,120,2026-01-05 02:00,2026-01-05 13:00,136.9384,134.4816,0.5477,-1.94,ATR
SOL/USD,121,2026-01-05 07:00,2026-01-05 13:00,135.7478,133.3082,0.5525,-1.94,ATR
SOL/USD,122,2026-01-05 23:00,2026-01-06 14:00,138.7193,140.7737,0.5407,+0.51,ATR
SOL/USD,123,2026-01-06 06:00,2026-01-06 17:00,139.7498,136.8766,0.5367,-2.14,ATR
SOL/USD,124,2026-01-06 10:00,2026-01-06 14:00,137.6488,140.7737,0.5449,+1.10,ATR
SOL/USD,125,2026-01-06 12:00,2026-01-06 17:00,139.4997,136.7567,0.5376,-2.07,ATR
SOL/USD,126,2026-01-06 17:00,2026-01-07 19:00,138.8694,134.9086,0.5401,-2.73,ATR
SOL/USD,127,2026-01-06 23:00,2026-01-07 15:00,140.3501,136.3904,0.5344,-2.71,ATR
SOL/USD,128,2026-01-07 01:00,2026-01-07 15:00,139.9700,136.0095,0.5358,-2.71,ATR
SOL/USD,129,2026-01-11 19:00,2026-01-11 22:00,140.0700,137.7729,0.5354,-1.83,ATR
SOL/USD,130,2026-01-12 01:00,2026-01-12 21:00,141.4207,138.6232,0.5303,-2.08,ATR
SOL/USD,131,2026-01-12 08:00,2026-01-12 21:00,141.5607,138.4141,0.5298,-2.26,ATR
SOL/USD,132,2026-01-12 12:00,2026-01-13 22:00,140.1801,145.0682,0.535,+2.00,ATR
SOL/USD,133,2026-01-12 15:00,2026-01-13 22:00,140.6303,145.0682,0.5333,+1.76,ATR
SOL/USD,134,2026-01-12 19:00,2026-01-13 22:00,141.0505,145.0682,0.5317,+1.53,ATR
SOL/USD,135,2026-01-14 00:00,2026-01-15 18:00,145.6928,141.8608,0.5148,-2.56,ATR
SOL/USD,136,2026-01-14 03:00,2026-01-15 15:00,145.7528,142.1306,0.5146,-2.46,ATR
SOL/USD,137,2026-01-14 05:00,2026-01-15 19:00,144.9324,141.3942,0.5175,-2.42,ATR
SOL/USD,138,2026-01-14 13:00,2026-01-15 19:00,144.4122,141.4370,0.5193,-2.14,ATR
SOL/USD,139,2026-01-14 17:00,2026-01-15 03:00,147.0735,143.5926,0.5099,-2.37,ATR
SOL/USD,140,2026-01-14 21:00,2026-01-15 03:00,147.4137,144.0466,0.5088,-2.31,ATR
SOL/USD,141,2026-01-15 08:00,2026-01-15 15:00,144.9925,142.1189,0.5173,-2.08,ATR
SOL/USD,142,2026-01-15 11:00,2026-01-15 15:00,145.6928,142.9806,0.5148,-1.99,ATR
SOL/USD,143,2026-01-19 02:00,2026-01-20 08:00,133.5968,130.4115,0.5614,-2.38,ATR
SOL/USD,144,2026-01-29 19:00,2026-01-30 01:00,115.8079,112.2612,0.6476,-2.89,ATR
SOL/USD,145,2026-02-08 02:00,2026-02-09 08:00,87.8839,84.8395,0.8534,-3.19,ATR
SOL/USD,146,2026-02-15 10:00,2026-02-15 12:00,90.0450,87.6679,0.8329,-2.57,ATR
SOL/USD,147,2026-02-15 17:00,2026-02-15 20:00,87.7438,85.1454,0.8548,-2.81,ATR
SOL/USD,148,2026-02-25 23:00,2026-02-26 15:00,89.1445,85.8768,0.8413,-3.34,ATR
SOL/USD,149,2026-02-26 05:00,2026-02-26 15:00,88.6443,85.5837,0.8461,-3.18,ATR
SOL/USD,150,2026-02-26 11:00,2026-02-26 16:00,87.6738,84.9267,0.8554,-2.94,ATR
SOL/USD,151,2026-02-26 13:00,2026-02-26 16:00,87.7639,85.1568,0.8546,-2.82,ATR
SOL/USD,152,2026-02-26 20:00,2026-02-27 11:00,86.6633,83.7232,0.8654,-3.13,ATR
SOL/USD,153,2026-02-26 23:00,2026-02-27 11:00,85.9329,83.3723,0.8728,-2.83,ATR
SOL/USD,154,2026-03-01 06:00,2026-03-01 16:00,87.3837,84.1971,0.8583,-3.32,ATR
SOL/USD,155,2026-03-01 09:00,2026-03-01 20:00,85.2826,82.2313,0.8794,-3.27,ATR
SOL/USD,156,2026-03-01 11:00,2026-03-01 20:00,85.3627,82.5197,0.8786,-3.09,ATR
SOL/USD,157,2026-03-01 15:00,2026-03-01 19:00,86.0930,83.1332,0.8712,-3.17,ATR
SOL/USD,158,2026-03-05 01:00,2026-03-06 09:00,90.7654,87.3816,0.8263,-3.38,ATR
SOL/USD,159,2026-03-05 03:00,2026-03-06 11:00,90.2751,87.1059,0.8308,-3.22,ATR
SOL/USD,160,2026-03-05 05:00,2026-03-06 04:00,90.6553,87.6869,0.8273,-3.05,ATR
SOL/USD,161,2026-03-05 10:00,2026-03-05 16:00,91.4157,88.3612,0.8204,-3.10,ATR
SOL/USD,162,2026-03-05 12:00,2026-03-05 15:00,91.9660,89.0302,0.8155,-2.98,ATR
SOL/USD,163,2026-03-05 15:00,2026-03-06 04:00,91.0055,87.7740,0.8241,-3.25,ATR
SOL/USD,164,2026-03-10 17:00,2026-03-10 18:00,88.8344,86.2836,0.8443,-2.74,ATR
SOL/USD,165,2026-03-11 00:00,2026-03-13 00:00,85.7629,88.8046,0.8745,+2.05,ATR
SOL/USD,166,2026-03-11 02:00,2026-03-13 00:00,86.1531,88.8046,0.8705,+1.70,ATR
SOL/USD,167,2026-03-11 22:00,2026-03-12 03:00,87.5438,85.1236,0.8567,-2.67,ATR
SOL/USD,168,2026-03-13 13:00,2026-03-13 17:00,91.1155,88.7931,0.8231,-2.50,ATR
SOL/USD,169,2026-03-13 21:00,2026-03-14 10:00,89.0445,86.6443,0.8423,-2.61,ATR
SOL/USD,170,2026-03-16 03:00,2026-03-16 14:00,91.4557,93.2586,0.8201,+0.87,ATR
SOL/USD,171,2026-03-16 06:00,2026-03-16 23:00,94.0570,95.6515,0.7974,+0.67,ATR
SOL/USD,172,2026-03-16 11:00,2026-03-16 23:00,93.9369,95.6515,0.7984,+0.76,ATR
SOL/USD,173,2026-03-16 17:00,2026-03-16 23:00,94.0370,95.6515,0.7976,+0.68,ATR
SOL/USD,174,2026-03-17 06:00,2026-03-18 12:00,93.8469,91.3718,0.7992,-2.57,ATR
SOL/USD,175,2026-03-17 08:00,2026-03-18 11:00,94.4972,92.1260,0.7937,-2.47,ATR
SOL/USD,176,2026-03-17 12:00,2026-03-18 12:00,93.7669,91.5237,0.7999,-2.39,ATR
SOL/USD,177,2026-03-17 14:00,2026-03-18 12:00,93.6768,91.3909,0.8006,-2.42,ATR
SOL/USD,178,2026-03-17 17:00,2026-03-18 11:00,94.6873,92.3312,0.7921,-2.46,ATR
SOL/USD,179,2026-03-21 03:00,2026-03-21 23:00,90.4652,88.9141,0.829,-1.88,ATR
SOL/USD,180,2026-03-24 07:00,2026-03-24 19:00,90.6153,88.5075,0.8277,-2.34,ATR
SOL/USD,181,2026-03-24 21:00,2026-03-25 15:00,90.1250,91.9961,0.8322,+0.95,ATR
SOL/USD,182,2026-04-01 11:00,2026-04-01 17:00,83.4717,84.7948,0.8985,+0.58,ATR
SOL/USD,183,2026-04-08 12:00,2026-04-08 14:00,84.5122,82.8525,0.8874,-2.07,ATR
SOL/USD,184,2026-04-08 17:00,2026-04-09 01:00,83.5117,81.7167,0.8981,-2.21,ATR
SOL/USD,185,2026-04-08 20:00,2026-04-09 13:00,83.3316,81.6185,0.9,-2.14,ATR
SOL/USD,186,2026-04-10 02:00,2026-04-11 18:00,83.1916,84.7979,0.9015,+0.84,ATR
SOL/USD,187,2026-04-10 05:00,2026-04-11 20:00,83.3016,85.1898,0.9003,+1.09,ATR
SOL/USD,188,2026-04-10 15:00,2026-04-12 01:00,85.2926,83.5994,0.8793,-2.08,ATR
SOL/USD,189,2026-04-11 22:00,2026-04-12 01:00,85.3627,83.9520,0.8786,-1.83,ATR
SOL/USD,190,2026-04-14 00:00,2026-04-14 18:00,86.6933,84.7116,0.8651,-2.31,ATR
SOL/USD,191,2026-04-14 18:00,2026-04-14 20:00,85.3627,83.3915,0.8786,-2.32,ATR
SOL/USD,192,2026-04-16 15:00,2026-04-16 18:00,85.4127,87.1729,0.8781,+0.94,ATR
SOL/USD,193,2026-04-16 17:00,2026-04-16 18:00,86.0430,87.1729,0.8717,+0.38,ATR
SOL/USD,194,2026-04-16 20:00,2026-04-17 02:00,90.1551,87.7740,0.8319,-2.57,ATR
SOL/USD,195,2026-04-17 14:00,2026-04-18 08:00,90.0350,87.8596,0.833,-2.40,ATR
SOL/USD,196,2026-04-17 22:00,2026-04-18 08:00,89.2246,87.3532,0.8406,-2.17,ATR
SOL/USD,197,2026-04-18 03:00,2026-04-18 08:00,88.8644,87.2157,0.844,-1.99,ATR
SOL/USD,198,2026-04-22 08:00,2026-04-23 00:00,88.1641,86.5714,0.8507,-1.95,ATR
SOL/USD,199,2026-04-22 18:00,2026-04-23 00:00,87.9139,86.4283,0.8531,-1.86,ATR
SOL/USD,200,2026-05-02 21:00,2026-05-04 00:00,84.2121,83.5042,0.8906,-1.23,ATR
SOL/USD,201,2026-05-04 05:00,2026-05-04 10:00,85.7529,84.5344,0.8746,-1.66,ATR
SOL/USD,202,2026-05-06 13:00,2026-05-06 14:00,89.6448,88.0015,0.8366,-1.97,ATR
SOL/USD,203,2026-05-06 15:00,2026-05-08 17:00,88.4942,90.4906,0.8475,+1.09,ATR
SOL/USD,204,2026-05-07 05:00,2026-05-08 17:00,88.3942,90.4906,0.8485,+1.17,ATR
SOL/USD,205,2026-05-07 09:00,2026-05-07 14:00,89.5347,87.8408,0.8377,-2.01,ATR
SOL/USD,206,2026-05-07 13:00,2026-05-07 14:00,89.6448,87.8684,0.8366,-2.08,ATR
SOL/USD,207,2026-05-09 02:00,2026-05-10 17:00,93.6068,95.2538,0.8012,+0.71,ATR
SOL/USD,208,2026-05-09 11:00,2026-05-10 17:00,93.4967,95.2538,0.8022,+0.80,ATR
SOL/USD,209,2026-05-09 19:00,2026-05-10 17:00,93.4067,95.2538,0.8029,+0.88,ATR
SOL/USD,210,2026-05-09 22:00,2026-05-10 17:00,93.5167,95.2538,0.802,+0.79,ATR
SOL/USD,211,2026-05-10 12:00,2026-05-10 17:00,93.5568,95.2538,0.8017,+0.76,ATR
SOL/USD,212,2026-05-10 14:00,2026-05-10 20:00,93.8169,95.6364,0.7994,+0.85,ATR
SOL/USD,213,2026-05-11 20:00,2026-05-12 01:00,98.2491,95.7993,0.7634,-2.46,ATR
SOL/USD,214,2026-05-22 02:00,2026-05-22 18:00,87.1936,85.8177,0.8602,-1.78,ATR
SOL/USD,215,2026-05-22 05:00,2026-05-22 18:00,87.0235,85.7523,0.8618,-1.69,ATR
SOL/USD,216,2026-06-02 16:00,2026-06-02 22:00,76.3882,74.3197,0.9818,-2.62,ATR
SOL/USD,217,2026-06-08 07:00,2026-06-09 00:00,65.6728,66.5324,1.142,+0.38,ATR
SOL/USD,218,2026-06-09 02:00,2026-06-09 16:00,66.0130,63.9243,1.136,-2.96,ATR
SOL/USD,219,2026-06-09 04:00,2026-06-09 16:00,66.0230,63.8746,1.136,-3.03,ATR
SOL/USD,220,2026-06-12 23:00,2026-06-13 21:00,66.6433,68.4863,1.125,+1.47,ATR
SOL/USD,221,2026-06-14 04:00,2026-06-14 12:00,68.9645,67.7685,1.088,-1.90,ATR
SOL/USD,222,2026-06-15 12:00,2026-06-15 21:00,72.6063,74.4424,1.033,+1.29,ATR
SOL/USD,223,2026-06-15 17:00,2026-06-16 02:00,75.4777,73.4789,0.9937,-2.58,ATR
SOL/USD,224,2026-06-16 18:00,2026-06-17 11:00,73.6568,71.6341,1.018,-2.65,ATR
SOL/USD,225,2026-06-16 21:00,2026-06-17 08:00,74.1371,72.2207,1.012,-2.53,ATR
SOL/USD,226,2026-06-20 12:00,2026-06-20 22:00,71.7759,72.7277,1.045,+0.39,ATR
SOL/USD,227,2026-06-20 15:00,2026-06-20 22:00,71.9360,72.7277,1.043,+0.22,ATR
SOL/USD,228,2026-06-21 01:00,2026-06-22 22:00,73.1466,71.4415,1.025,-2.34,ATR
SOL/USD,229,2026-06-21 06:00,2026-06-22 22:00,73.0465,71.5005,1.027,-2.18,ATR
SOL/USD,230,2026-06-21 09:00,2026-06-22 22:00,73.1065,71.5494,1.026,-2.19,ATR
SOL/USD,231,2026-06-22 02:00,2026-06-22 19:00,74.3271,72.3996,1.009,-2.54,ATR
SOL/USD,232,2026-06-22 05:00,2026-06-22 22:00,73.8169,72.0058,1.016,-2.43,ATR
SOL/USD,233,2026-06-22 08:00,2026-06-22 21:00,74.0570,72.2691,1.013,-2.40,ATR
SOL/USD,234,2026-06-22 13:00,2026-06-22 16:00,74.3772,72.6839,1.008,-2.30,ATR
SOL/USD,235,2026-06-27 14:00,2026-06-27 22:00,72.2761,70.4436,1.038,-2.49,ATR
SOL/USD,236,2026-06-27 23:00,2026-06-29 05:00,71.0155,71.3043,1.056,-0.30,ATR
SOL/USD,237,2026-06-29 21:00,2026-06-30 12:00,75.2976,72.5533,0.996,-3.32,ATR
SOL/USD,238,2026-06-30 06:00,2026-06-30 12:00,74.1571,71.9998,1.011,-2.77,ATR
SOL/USD,239,2026-07-02 00:00,2026-07-02 10:00,77.4187,79.9796,0.9688,+1.87,ATR
SOL/USD,240,2026-07-02 02:00,2026-07-02 10:00,78.1491,79.9796,0.9597,+1.15,ATR
SOL/USD,241,2026-07-02 06:00,2026-07-02 10:00,78.0690,79.9796,0.9607,+1.23,ATR
SOL/USD,242,2026-07-02 10:00,2026-07-02 10:00,79.4197,79.9796,0.9444,-0.07,ATR
SOL/USD,243,2026-07-02 13:00,2026-07-04 06:00,81.3607,82.4681,0.9218,+0.42,ATR
SOL/USD,244,2026-07-02 16:00,2026-07-04 06:00,80.8304,82.4681,0.9279,+0.91,ATR
SOL/USD,245,2026-07-02 19:00,2026-07-04 06:00,81.0005,82.4681,0.9259,+0.75,ATR
SOL/USD,246,2026-07-03 02:00,2026-07-06 12:00,81.4507,79.3354,0.9208,-2.54,ATR
SOL/USD,247,2026-07-03 06:00,2026-07-04 06:00,81.1205,82.4681,0.9246,+0.64,ATR
SOL/USD,248,2026-07-03 15:00,2026-07-05 09:00,81.6508,79.8272,0.9185,-2.27,ATR
SOL/USD,249,2026-07-10 06:00,2026-07-10 14:00,79.1796,77.8994,0.9472,-1.81,ATR
ETH/USD,1,2025-07-21 04:00,2025-07-22 04:00,"3,761.88","3,670.20",0.01994,-2.42,ATR
ETH/USD,2,2025-07-27 03:00,2025-07-28 07:00,"3,786.29","3,878.35",0.01981,+1.22,ATR
ETH/USD,3,2025-07-27 07:00,2025-07-28 07:00,"3,775.01","3,878.35",0.01987,+1.44,ATR
ETH/USD,4,2025-07-31 07:00,2025-07-31 13:00,"3,875.91","3,797.87",0.01935,-2.10,ATR
ETH/USD,5,2025-08-05 06:00,2025-08-05 14:00,"3,666.68","3,597.11",0.02045,-2.02,ATR
ETH/USD,6,2025-08-05 09:00,2025-08-05 14:00,"3,637.61","3,562.24",0.02062,-2.15,ATR
ETH/USD,7,2025-08-07 13:00,2025-08-08 08:00,"3,846.83","3,896.41",0.0195,+0.36,ATR
ETH/USD,8,2025-08-07 16:00,2025-08-08 08:00,"3,840.74","3,896.41",0.01953,+0.48,ATR
ETH/USD,9,2025-08-07 20:00,2025-08-08 13:00,"3,871.45","3,926.21",0.01937,+0.46,ATR
ETH/USD,10,2025-08-08 03:00,2025-08-09 05:00,"3,902.40","4,114.74",0.01922,+3.46,ATR
ETH/USD,11,2025-08-08 11:00,2025-08-09 05:00,"3,901.86","4,114.74",0.01922,+3.48,ATR
ETH/USD,12,2025-08-08 13:00,2025-08-09 05:00,"3,894.43","4,114.74",0.01926,+3.63,ATR
ETH/USD,13,2025-08-08 16:00,2025-08-09 05:00,"3,957.79","4,114.74",0.01895,+2.36,ATR
ETH/USD,14,2025-08-09 05:00,2025-08-09 13:00,"4,073.78","4,167.20",0.01841,+1.11,ATR
ETH/USD,15,2025-08-10 09:00,2025-08-11 18:00,"4,217.25","4,273.73",0.01778,+0.40,ATR
ETH/USD,16,2025-08-11 09:00,2025-08-11 11:00,"4,280.43","4,194.64",0.01752,-2.10,ATR
ETH/USD,17,2025-08-11 15:00,2025-08-12 12:00,"4,273.73","4,333.28",0.01755,+0.44,ATR
ETH/USD,18,2025-08-17 09:00,2025-08-17 18:00,"4,539.98","4,456.21",0.01652,-1.98,ATR
ETH/USD,19,2025-08-22 18:00,2025-08-24 19:00,"4,807.82","4,874.62",0.0156,+0.44,ATR
ETH/USD,20,2025-08-22 23:00,2025-08-25 06:00,"4,811.23","4,640.06",0.01559,-3.26,ATR
ETH/USD,21,2025-08-23 01:00,2025-08-24 19:00,"4,804.73","4,874.62",0.01561,+0.49,ATR
ETH/USD,22,2025-08-23 13:00,2025-08-24 17:00,"4,713.36","4,855.99",0.01591,+1.66,ATR
ETH/USD,23,2025-08-23 16:00,2025-08-24 17:00,"4,751.73","4,855.99",0.01578,+1.04,ATR
ETH/USD,24,2025-08-24 05:00,2025-08-24 19:00,"4,797.59","4,874.62",0.01563,+0.60,ATR
ETH/USD,25,2025-08-27 09:00,2025-08-27 22:00,"4,597.68","4,481.16",0.01631,-2.49,ATR
ETH/USD,26,2025-08-27 16:00,2025-08-27 20:00,"4,654.28","4,531.35",0.01611,-2.57,ATR
ETH/USD,27,2025-09-04 10:00,2025-09-04 15:00,"4,394.11","4,310.28",0.01707,-2.03,ATR
ETH/USD,28,2025-09-11 08:00,2025-09-11 12:00,"4,444.62","4,374.43",0.01687,-1.78,ATR
ETH/USD,29,2025-09-11 14:00,2025-09-12 22:00,"4,421.33","4,654.14",0.01696,+3.33,ATR
ETH/USD,30,2025-09-12 07:00,2025-09-12 22:00,"4,535.30","4,654.14",0.01654,+1.36,ATR
ETH/USD,31,2025-09-12 13:00,2025-09-12 22:00,"4,519.71","4,654.14",0.01659,+1.62,ATR
ETH/USD,32,2025-09-12 18:00,2025-09-13 13:00,"4,619.98","4,692.70",0.01623,+0.58,ATR
ETH/USD,33,2025-09-12 22:00,2025-09-15 08:00,"4,653.17","4,550.01",0.01612,-2.26,ATR
ETH/USD,34,2025-09-13 02:00,2025-09-14 14:00,"4,698.17","4,601.66",0.01596,-2.13,ATR
ETH/USD,35,2025-09-13 07:00,2025-09-13 16:00,"4,716.34","4,622.32",0.0159,-2.09,ATR
ETH/USD,36,2025-09-13 11:00,2025-09-13 16:00,"4,712.45","4,627.00",0.01592,-1.95,ATR
ETH/USD,37,2025-09-13 14:00,2025-09-15 08:00,"4,668.76","4,573.77",0.01606,-2.12,ATR
ETH/USD,38,2025-09-13 19:00,2025-09-15 08:00,"4,648.00","4,552.15",0.01614,-2.14,ATR
ETH/USD,39,2025-09-13 21:00,2025-09-15 08:00,"4,659.83","4,568.07",0.0161,-2.07,ATR
ETH/USD,40,2025-09-18 02:00,2025-09-19 09:00,"4,621.87","4,518.59",0.01623,-2.27,ATR
ETH/USD,41,2025-09-22 08:00,2025-09-24 04:00,"4,194.14","4,087.91",0.01788,-2.49,ATR
ETH/USD,42,2025-09-22 11:00,2025-09-24 04:00,"4,180.03","4,077.20",0.01794,-2.44,ATR
ETH/USD,43,2025-09-30 11:00,2025-09-30 15:00,"4,159.64","4,094.64",0.01803,-1.77,ATR
ETH/USD,44,2025-10-01 12:00,2025-10-03 04:00,"4,310.08","4,479.43",0.0174,+2.34,ATR
ETH/USD,45,2025-10-01 16:00,2025-10-03 04:00,"4,336.97","4,479.43",0.01729,+1.85,ATR
ETH/USD,46,2025-10-01 22:00,2025-10-02 15:00,"4,300.42","4,359.26",0.01744,+0.42,ATR
ETH/USD,47,2025-10-02 08:00,2025-10-03 04:00,"4,386.81","4,479.43",0.0171,+0.98,ATR
ETH/USD,48,2025-10-02 12:00,2025-10-03 04:00,"4,387.75","4,479.43",0.01709,+0.96,ATR
ETH/USD,49,2025-10-02 18:00,2025-10-05 09:00,"4,470.04","4,549.19",0.01678,+0.72,ATR
ETH/USD,50,2025-10-03 10:00,2025-10-05 09:00,"4,476.90","4,549.19",0.01675,+0.61,ATR
ETH/USD,51,2025-10-05 13:00,2025-10-06 23:00,"4,529.75","4,660.49",0.01656,+1.56,ATR
ETH/USD,52,2025-10-07 08:00,2025-10-07 14:00,"4,680.15","4,591.17",0.01603,-2.02,ATR
ETH/USD,53,2025-10-07 13:00,2025-10-07 14:00,"4,742.10","4,647.90",0.01582,-2.08,ATR
ETH/USD,54,2025-10-11 02:00,2025-10-11 02:00,"3,762.90","3,795.41",0.01993,+0.05,ATR
ETH/USD,55,2025-10-20 23:00,2025-10-21 04:00,"3,986.23","3,897.86",0.01881,-2.26,ATR
ETH/USD,56,2025-10-27 10:00,2025-10-28 02:00,"4,165.79","4,088.30",0.018,-1.99,ATR
ETH/USD,57,2025-10-27 16:00,2025-10-28 02:00,"4,174.89","4,087.01",0.01796,-2.17,ATR
ETH/USD,58,2025-10-27 20:00,2025-10-27 21:00,"4,190.91","4,102.17",0.0179,-2.18,ATR
ETH/USD,59,2025-10-28 07:00,2025-10-28 19:00,"4,114.94","4,030.05",0.01823,-2.14,ATR
ETH/USD,60,2025-11-02 08:00,2025-11-02 10:00,"3,913.72","3,864.91",0.01916,-1.53,ATR
ETH/USD,61,2025-11-09 19:00,2025-11-10 00:00,"3,539.87","3,577.39",0.02119,+0.19,ATR
ETH/USD,62,2025-11-10 18:00,2025-11-11 17:00,"3,546.99","3,459.48",0.02114,-2.44,ATR
ETH/USD,63,2025-11-10 20:00,2025-11-11 15:00,"3,569.59","3,482.31",0.02101,-2.43,ATR
ETH/USD,64,2025-11-10 23:00,2025-11-11 14:00,"3,579.47","3,490.21",0.02095,-2.46,ATR
ETH/USD,65,2025-11-27 00:00,2025-12-01 00:00,"3,033.37","2,956.28",0.02473,-2.50,ATR
ETH/USD,66,2025-12-03 13:00,2025-12-04 11:00,"3,086.13","3,177.66",0.0243,+1.62,ATR
ETH/USD,67,2025-12-03 15:00,2025-12-04 11:00,"3,094.86","3,177.66",0.02423,+1.40,ATR
ETH/USD,68,2025-12-03 22:00,2025-12-04 19:00,"3,162.44","3,074.90",0.02372,-2.67,ATR
ETH/USD,69,2025-12-04 03:00,2025-12-04 14:00,"3,223.43","3,138.04",0.02327,-2.58,ATR
ETH/USD,70,2025-12-04 23:00,2025-12-05 16:00,"3,140.84","3,049.36",0.02388,-2.78,ATR
ETH/USD,71,2025-12-05 01:00,2025-12-05 16:00,"3,148.83","3,061.16",0.02382,-2.68,ATR
ETH/USD,72,2025-12-05 11:00,2025-12-05 16:00,"3,130.31","3,050.17",0.02396,-2.51,ATR
ETH/USD,73,2025-12-08 00:00,2025-12-08 15:00,"3,069.54","3,118.15",0.02443,+0.58,ATR
ETH/USD,74,2025-12-09 20:00,2025-12-11 01:00,"3,351.47","3,252.73",0.02238,-2.80,ATR
ETH/USD,75,2025-12-10 01:00,2025-12-10 18:00,"3,315.72","3,360.93",0.02262,+0.42,ATR
ETH/USD,76,2025-12-10 04:00,2025-12-10 18:00,"3,310.08","3,360.93",0.02266,+0.55,ATR
ETH/USD,77,2025-12-10 06:00,2025-12-10 18:00,"3,321.66","3,360.93",0.02258,+0.28,ATR
ETH/USD,78,2025-12-10 10:00,2025-12-11 00:00,"3,349.16","3,271.08",0.02239,-2.34,ATR
ETH/USD,79,2025-12-10 19:00,2025-12-11 00:00,"3,391.15","3,297.48",0.02212,-2.66,ATR
ETH/USD,80,2025-12-22 12:00,2025-12-22 18:00,"3,054.63","3,004.83",0.02455,-1.82,ATR
ETH/USD,81,2025-12-22 17:00,2025-12-22 19:00,"3,049.66","2,994.09",0.02459,-1.96,ATR
ETH/USD,82,2025-12-22 23:00,2025-12-23 06:00,"3,010.02","2,951.90",0.02492,-2.04,ATR
ETH/USD,83,2025-12-26 09:00,2025-12-26 14:00,"2,967.51","2,918.26",0.02527,-1.84,ATR
ETH/USD,84,2025-12-29 08:00,2025-12-29 09:00,"3,020.37","2,976.23",0.02483,-1.69,ATR
ETH/USD,85,2026-01-01 23:00,2026-01-02 14:00,"3,002.62","3,064.15",0.02498,+0.93,ATR
ETH/USD,86,2026-01-02 18:00,2026-01-05 01:00,"3,124.65","3,182.30",0.024,+0.78,ATR
ETH/USD,87,2026-01-02 21:00,2026-01-05 01:00,"3,119.26","3,182.30",0.02404,+0.91,ATR
ETH/USD,88,2026-01-03 05:00,2026-01-05 01:00,"3,119.83","3,182.30",0.02404,+0.90,ATR
ETH/USD,89,2026-01-03 11:00,2026-01-05 01:00,"3,100.82","3,182.30",0.02419,+1.36,ATR
ETH/USD,90,2026-01-05 07:00,2026-01-06 00:00,"3,158.47","3,211.32",0.02375,+0.65,ATR
ETH/USD,91,2026-01-05 21:00,2026-01-06 18:00,"3,248.48","3,180.91",0.02309,-2.15,ATR
ETH/USD,92,2026-01-06 02:00,2026-01-07 15:00,"3,220.84","3,156.39",0.02329,-2.09,ATR
ETH/USD,93,2026-01-06 07:00,2026-01-07 14:00,"3,240.87","3,179.15",0.02314,-2.02,ATR
ETH/USD,94,2026-01-06 13:00,2026-01-06 18:00,"3,237.56","3,187.55",0.02317,-1.75,ATR
ETH/USD,95,2026-01-06 15:00,2026-01-06 17:00,"3,271.67","3,210.08",0.02292,-2.01,ATR
ETH/USD,96,2026-01-06 21:00,2026-01-07 15:00,"3,246.81","3,167.36",0.0231,-2.43,ATR
ETH/USD,97,2026-01-07 01:00,2026-01-07 14:00,"3,258.78","3,179.12",0.02301,-2.43,ATR
ETH/USD,98,2026-01-07 03:00,2026-01-07 14:00,"3,268.41","3,191.79",0.02295,-2.35,ATR
ETH/USD,99,2026-01-12 07:00,2026-01-12 08:00,"3,157.60","3,110.82",0.02375,-1.71,ATR
ETH/USD,100,2026-01-12 13:00,2026-01-12 14:00,"3,118.98","3,076.95",0.02405,-1.61,ATR
ETH/USD,101,2026-01-14 00:00,2026-01-16 15:00,"3,331.08","3,248.86",0.02252,-2.44,ATR
ETH/USD,102,2026-01-14 11:00,2026-01-19 00:00,"3,312.60","3,245.64",0.02264,-2.11,ATR
ETH/USD,103,2026-01-14 14:00,2026-01-19 00:00,"3,310.11","3,240.54",0.02266,-2.17,ATR
ETH/USD,104,2026-01-15 07:00,2026-01-19 00:00,"3,319.05","3,246.47",0.0226,-2.23,ATR
ETH/USD,105,2026-01-15 10:00,2026-01-15 15:00,"3,367.06","3,296.59",0.02227,-2.16,ATR
ETH/USD,106,2026-01-15 23:00,2026-01-19 00:00,"3,313.60","3,238.96",0.02263,-2.28,ATR
ETH/USD,107,2026-01-20 10:00,2026-01-20 14:00,"3,095.99","3,039.28",0.02422,-1.97,ATR
ETH/USD,108,2026-01-20 15:00,2026-01-20 22:00,"3,046.77","2,979.13",0.02462,-2.26,ATR
ETH/USD,109,2026-01-21 00:00,2026-01-21 17:00,"2,941.82","2,865.73",0.02549,-2.53,ATR
ETH/USD,110,2026-01-31 20:00,2026-02-01 07:00,"2,386.61","2,396.96",0.03143,-0.28,ATR
ETH/USD,111,2026-02-08 05:00,2026-02-08 23:00,"2,086.94","2,092.90",0.03594,-0.39,ATR
ETH/USD,112,2026-02-08 08:00,2026-02-08 23:00,"2,085.27","2,092.90",0.03597,-0.33,ATR
ETH/USD,113,2026-02-21 19:00,2026-02-22 12:00,"1,992.60","1,966.40",0.03764,-1.58,ATR
ETH/USD,114,2026-02-26 00:00,2026-02-26 16:00,"2,058.08","1,982.40",0.03644,-3.35,ATR
ETH/USD,115,2026-02-26 06:00,2026-02-26 16:00,"2,066.88","2,001.28",0.03629,-2.97,ATR
ETH/USD,116,2026-02-26 11:00,2026-02-26 16:00,"2,065.79","2,007.16",0.03631,-2.72,ATR
ETH/USD,117,2026-02-26 22:00,2026-02-27 11:00,"2,031.54","1,969.23",0.03692,-2.89,ATR
ETH/USD,118,2026-02-27 02:00,2026-02-27 11:00,"2,024.62","1,967.46",0.03704,-2.71,ATR
ETH/USD,119,2026-03-01 10:00,2026-03-01 20:00,"1,981.77","1,916.12",0.03784,-3.07,ATR
ETH/USD,120,2026-03-02 21:00,2026-03-03 08:00,"2,036.97","1,960.33",0.03682,-3.41,ATR
ETH/USD,121,2026-03-03 01:00,2026-03-03 08:00,"2,036.51","1,965.68",0.03683,-3.20,ATR
ETH/USD,122,2026-03-03 03:00,2026-03-03 08:00,"2,014.84","1,947.83",0.03722,-3.08,ATR
ETH/USD,123,2026-03-04 14:00,2026-03-04 15:00,"2,064.64","2,092.64",0.03633,+0.41,ATR
ETH/USD,124,2026-03-04 19:00,2026-03-05 15:00,"2,163.13","2,084.21",0.03467,-3.33,ATR
ETH/USD,125,2026-03-04 21:00,2026-03-05 15:00,"2,152.42","2,077.41",0.03484,-3.20,ATR
ETH/USD,126,2026-03-05 07:00,2026-03-05 16:00,"2,129.64","2,060.61",0.03522,-3.02,ATR
ETH/USD,127,2026-03-05 09:00,2026-03-06 09:00,"2,118.39","2,051.26",0.0354,-2.97,ATR
ETH/USD,128,2026-03-10 06:00,2026-03-13 00:00,"2,043.40","2,099.48",0.0367,+1.45,ATR
ETH/USD,129,2026-03-10 09:00,2026-03-13 00:00,"2,058.35","2,099.48",0.03644,+0.89,ATR
ETH/USD,130,2026-03-10 18:00,2026-03-11 07:00,"2,072.51","2,009.52",0.03619,-2.87,ATR
ETH/USD,131,2026-03-11 00:00,2026-03-13 00:00,"2,037.08","2,099.48",0.03682,+1.69,ATR
ETH/USD,132,2026-03-12 01:00,2026-03-13 00:00,"2,049.96","2,099.48",0.03659,+1.20,ATR
ETH/USD,133,2026-03-12 16:00,2026-03-13 00:00,"2,073.48","2,099.48",0.03617,+0.34,ATR
ETH/USD,134,2026-03-12 20:00,2026-03-13 00:00,"2,071.72","2,099.48",0.0362,+0.40,ATR
ETH/USD,135,2026-03-13 07:00,2026-03-13 13:00,"2,100.75","2,153.95",0.0357,+1.29,ATR
ETH/USD,136,2026-03-13 13:00,2026-03-13 18:00,"2,147.45","2,090.19",0.03493,-2.59,ATR
ETH/USD,137,2026-03-13 15:00,2026-03-13 22:00,"2,152.38","2,086.15",0.03485,-2.90,ATR
ETH/USD,138,2026-03-13 20:00,2026-03-15 22:00,"2,103.67","2,155.94",0.03565,+1.26,ATR
ETH/USD,139,2026-03-14 00:00,2026-03-15 22:00,"2,090.65","2,155.94",0.03587,+1.73,ATR
ETH/USD,140,2026-03-14 02:00,2026-03-15 22:00,"2,096.22","2,155.94",0.03578,+1.53,ATR
ETH/USD,141,2026-03-14 04:00,2026-03-15 22:00,"2,101.82","2,155.94",0.03568,+1.32,ATR
ETH/USD,142,2026-03-14 06:00,2026-03-15 22:00,"2,092.21","2,155.94",0.03585,+1.68,ATR
ETH/USD,143,2026-03-16 01:00,2026-03-16 03:00,"2,172.79","2,205.20",0.03452,+0.51,ATR
ETH/USD,144,2026-03-16 18:00,2026-03-18 12:00,"2,316.79","2,248.35",0.03237,-2.81,ATR
ETH/USD,145,2026-03-16 22:00,2026-03-17 04:00,"2,366.51","2,297.42",0.03169,-2.78,ATR
ETH/USD,146,2026-03-17 07:00,2026-03-18 12:00,"2,316.44","2,247.42",0.03238,-2.83,ATR
ETH/USD,147,2026-03-17 12:00,2026-03-18 11:00,"2,328.82","2,267.27",0.03221,-2.57,ATR
ETH/USD,148,2026-03-17 17:00,2026-03-18 11:00,"2,328.39","2,263.13",0.03221,-2.69,ATR
ETH/USD,149,2026-03-18 01:00,2026-03-18 11:00,"2,326.62","2,272.20",0.03224,-2.35,ATR
ETH/USD,150,2026-03-24 04:00,2026-03-26 09:00,"2,143.50","2,086.63",0.03499,-2.58,ATR
ETH/USD,151,2026-03-30 05:00,2026-04-01 13:00,"2,052.50","2,117.82",0.03654,+1.78,ATR
ETH/USD,152,2026-04-01 08:00,2026-04-02 02:00,"2,131.95","2,076.73",0.03518,-2.53,ATR
ETH/USD,153,2026-04-01 11:00,2026-04-02 02:00,"2,133.06","2,084.37",0.03516,-2.31,ATR
ETH/USD,154,2026-04-01 22:00,2026-04-02 01:00,"2,158.23","2,107.62",0.03475,-2.35,ATR
ETH/USD,155,2026-04-02 00:00,2026-04-02 01:00,"2,141.42","2,093.16",0.03502,-2.28,ATR
ETH/USD,156,2026-04-04 22:00,2026-04-05 05:00,"2,071.65","2,053.05",0.0362,-1.27,ATR
ETH/USD,157,2026-04-06 09:00,2026-04-06 23:00,"2,140.28","2,099.74",0.03504,-2.02,ATR
ETH/USD,158,2026-04-06 16:00,2026-04-06 17:00,"2,167.48","2,128.04",0.0346,-1.96,ATR
ETH/USD,159,2026-04-06 18:00,2026-04-06 23:00,"2,135.21","2,095.46",0.03513,-1.99,ATR
ETH/USD,160,2026-04-07 04:00,2026-04-07 14:00,"2,108.87","2,069.43",0.03556,-2.00,ATR
ETH/USD,161,2026-04-07 09:00,2026-04-07 12:00,"2,115.80","2,079.57",0.03545,-1.88,ATR
ETH/USD,162,2026-04-08 16:00,2026-04-09 01:00,"2,216.59","2,164.11",0.03384,-2.37,ATR
ETH/USD,163,2026-04-09 06:00,2026-04-11 05:00,"2,185.58","2,230.01",0.03432,+0.92,ATR
ETH/USD,164,2026-04-09 09:00,2026-04-11 05:00,"2,184.41","2,230.01",0.03433,+0.96,ATR
ETH/USD,165,2026-04-10 18:00,2026-04-11 20:00,"2,250.12","2,297.92",0.03333,+0.99,ATR
ETH/USD,166,2026-04-11 02:00,2026-04-11 20:00,"2,245.19","2,297.92",0.0334,+1.15,ATR
ETH/USD,167,2026-04-11 05:00,2026-04-11 18:00,"2,243.02","2,281.59",0.03344,+0.68,ATR
ETH/USD,168,2026-04-11 20:00,2026-04-11 23:00,"2,317.38","2,276.31",0.03236,-1.92,ATR
ETH/USD,169,2026-04-13 20:00,2026-04-13 22:00,"2,264.34","2,312.13",0.03312,+0.98,ATR
ETH/USD,170,2026-04-14 01:00,2026-04-16 13:00,"2,361.11","2,295.87",0.03176,-2.66,ATR
ETH/USD,171,2026-04-14 06:00,2026-04-16 13:00,"2,357.18","2,303.35",0.03182,-2.31,ATR
ETH/USD,172,2026-04-14 09:00,2026-04-14 15:00,"2,389.98","2,340.34",0.03138,-2.15,ATR
ETH/USD,173,2026-04-14 14:00,2026-04-14 15:00,"2,391.77","2,338.05",0.03136,-2.28,ATR
ETH/USD,174,2026-04-14 20:00,2026-04-17 13:00,"2,316.43","2,394.23",0.03238,+1.91,ATR
ETH/USD,175,2026-04-15 00:00,2026-04-17 13:00,"2,327.21","2,394.23",0.03223,+1.55,ATR
ETH/USD,176,2026-04-15 04:00,2026-04-17 13:00,"2,330.23","2,394.23",0.03219,+1.45,ATR
ETH/USD,177,2026-04-18 05:00,2026-04-18 10:00,"2,408.92","2,365.03",0.03113,-1.96,ATR
ETH/USD,178,2026-04-18 07:00,2026-04-18 08:00,"2,410.71","2,370.80",0.03111,-1.84,ATR
ETH/USD,179,2026-04-22 07:00,2026-04-23 00:00,"2,394.96","2,343.45",0.03132,-2.21,ATR
ETH/USD,180,2026-04-22 17:00,2026-04-23 03:00,"2,389.38","2,340.98",0.03139,-2.11,ATR
ETH/USD,181,2026-04-22 21:00,2026-04-23 00:00,"2,394.81","2,350.59",0.03132,-1.98,ATR
ETH/USD,182,2026-04-26 09:00,2026-04-27 05:00,"2,331.82","2,376.86",0.03216,+0.84,ATR
ETH/USD,183,2026-04-27 01:00,2026-04-27 05:00,"2,392.84","2,357.91",0.03134,-1.69,ATR
ETH/USD,184,2026-05-02 00:00,2026-05-04 02:00,"2,297.18","2,354.17",0.03265,+1.25,ATR
ETH/USD,185,2026-05-03 17:00,2026-05-05 14:00,"2,328.82","2,370.06",0.03221,+0.72,ATR
ETH/USD,186,2026-05-03 21:00,2026-05-06 09:00,"2,330.12","2,386.44",0.03219,+1.21,ATR
ETH/USD,187,2026-05-04 04:00,2026-05-04 10:00,"2,387.22","2,346.75",0.03142,-1.87,ATR
ETH/USD,188,2026-05-04 14:00,2026-05-06 09:00,"2,338.54","2,386.44",0.03207,+0.93,ATR
ETH/USD,189,2026-05-04 16:00,2026-05-06 13:00,"2,349.89","2,392.86",0.03192,+0.77,ATR
ETH/USD,190,2026-05-04 20:00,2026-05-07 13:00,"2,355.07","2,305.99",0.03185,-2.16,ATR
ETH/USD,191,2026-05-04 23:00,2026-05-07 13:00,"2,355.24","2,310.37",0.03184,-2.02,ATR
ETH/USD,192,2026-05-05 14:00,2026-05-06 14:00,"2,387.28","2,350.19",0.03142,-1.76,ATR
ETH/USD,193,2026-05-10 18:00,2026-05-10 20:00,"2,365.52","2,343.24",0.03171,-1.30,ATR
ETH/USD,194,2026-05-15 01:00,2026-05-15 05:00,"2,293.56","2,256.14",0.0327,-1.82,ATR
ETH/USD,195,2026-05-24 18:00,2026-05-24 21:00,"2,103.56","2,075.27",0.03565,-1.60,ATR
ETH/USD,196,2026-06-09 06:00,2026-06-09 14:00,"1,688.08","1,641.17",0.04443,-2.68,ATR
ETH/USD,197,2026-06-09 11:00,2026-06-09 14:00,"1,674.36","1,632.91",0.04479,-2.45,ATR
ETH/USD,198,2026-06-09 13:00,2026-06-09 14:00,"1,677.16","1,636.27",0.04472,-2.42,ATR
ETH/USD,199,2026-06-12 08:00,2026-06-14 21:00,"1,660.75","1,708.91",0.04516,+1.57,ATR
ETH/USD,200,2026-06-15 17:00,2026-06-15 22:00,"1,842.84","1,799.67",0.0407,-2.35,ATR
ETH/USD,201,2026-06-15 23:00,2026-06-17 12:00,"1,789.36","1,746.97",0.04191,-2.37,ATR
ETH/USD,202,2026-06-16 04:00,2026-06-16 12:00,"1,779.08","1,801.44",0.04216,+0.34,ATR
ETH/USD,203,2026-06-16 06:00,2026-06-16 12:00,"1,761.96","1,801.44",0.04257,+1.07,ATR
ETH/USD,204,2026-06-16 10:00,2026-06-17 12:00,"1,789.40","1,747.47",0.04191,-2.35,ATR
ETH/USD,205,2026-06-16 18:00,2026-06-17 12:00,"1,794.82","1,746.89",0.04179,-2.59,ATR
ETH/USD,206,2026-06-17 01:00,2026-06-17 12:00,"1,793.43","1,753.56",0.04182,-2.26,ATR
ETH/USD,207,2026-06-20 20:00,2026-06-21 21:00,"1,728.04","1,701.16",0.0434,-1.76,ATR
ETH/USD,208,2026-06-22 06:00,2026-06-23 06:00,"1,735.55","1,705.49",0.04321,-1.89,ATR
ETH/USD,209,2026-06-22 18:00,2026-06-23 06:00,"1,740.05","1,705.38",0.0431,-2.09,ATR
ETH/USD,210,2026-06-24 17:00,2026-06-25 11:00,"1,588.56","1,626.75",0.04721,+1.20,ATR
ETH/USD,211,2026-06-30 06:00,2026-06-30 12:00,"1,590.17","1,557.50",0.04716,-2.13,ATR
ETH/USD,212,2026-07-02 15:00,2026-07-03 20:00,"1,700.71","1,741.89",0.0441,+1.21,ATR
ETH/USD,213,2026-07-02 22:00,2026-07-03 20:00,"1,699.22","1,741.89",0.04414,+1.28,ATR
ETH/USD,214,2026-07-03 14:00,2026-07-04 17:00,"1,746.99","1,779.98",0.04293,+0.81,ATR
ETH/USD,215,2026-07-03 21:00,2026-07-06 13:00,"1,765.33","1,727.73",0.04248,-2.19,ATR
ETH/USD,216,2026-07-05 05:00,2026-07-06 12:00,"1,766.89","1,739.58",0.04245,-1.75,ATR
ETH/USD,217,2026-07-05 08:00,2026-07-06 12:00,"1,769.58","1,743.98",0.04238,-1.68,ATR
ETH/USD,218,2026-07-10 04:00,2026-07-13 00:00,"1,775.45","1,822.43",0.04224,+1.38,ATR
ETH/USD,219,2026-07-10 12:00,2026-07-10 14:00,"1,800.80","1,772.30",0.04165,-1.78,ATR
ETH/USD,220,2026-07-10 14:00,2026-07-13 12:00,"1,803.49","1,770.32",0.04159,-1.97,ATR
ETH/USD,221,2026-07-10 19:00,2026-07-13 00:00,"1,784.53","1,822.43",0.04203,+0.99,ATR
ETH/USD,222,2026-07-10 21:00,2026-07-13 00:00,"1,789.63","1,822.43",0.04191,+0.77,ATR
ETH/USD,223,2026-07-12 02:00,2026-07-13 03:00,"1,806.21","1,780.56",0.04152,-1.66,ATR
ETH/USD,224,2026-07-12 04:00,2026-07-13 03:00,"1,811.30","1,785.89",0.04141,-1.65,ATR
ETH/USD,225,2026-07-12 08:00,2026-07-13 03:00,"1,798.50","1,773.62",0.0417,-1.63,ATR
ETH/USD,226,2026-07-15 09:00,2026-07-15 17:00,"1,878.83","1,916.79",0.03992,+0.91,EOD
ETH/USD,227,2026-07-15 14:00,2026-07-15 17:00,"1,924.93","1,916.79",0.03896,-0.92,EOD
